{
    "sdxl_2": {
        "CMMD_score": 1.4656782150268555,
        "CMMD_plus_score": 2.056121826171875
    },
    "sd3_9": {
        "CMMD_score": 1.6541481018066406,
        "CMMD_plus_score": 2.7598142623901367
    },
    "sd1.5_10": {
        "CMMD_score": 3.037691116333008,
        "CMMD_plus_score": 3.9499998092651367
    },
    "flux_2": {
        "CMMD_score": 1.5941858291625977,
        "CMMD_plus_score": 2.8586387634277344
    },
    "sd1.5_4": {
        "CMMD_score": 2.012014389038086,
        "CMMD_plus_score": 2.433657646179199
    },
    "sd1.5_1": {
        "CMMD_score": 3.93521785736084,
        "CMMD_plus_score": 4.078507423400879
    },
    "sd1.5_6": {
        "CMMD_score": 3.017425537109375,
        "CMMD_plus_score": 3.6296844482421875
    },
    "flux_6": {
        "CMMD_score": 1.5817880630493164,
        "CMMD_plus_score": 2.240896224975586
    },
    "sd3_3": {
        "CMMD_score": 1.8429756164550781,
        "CMMD_plus_score": 2.67183780670166
    },
    "flux_4": {
        "CMMD_score": 2.189159393310547,
        "CMMD_plus_score": 2.066493034362793
    },
    "sdxl_1": {
        "CMMD_score": 1.793503761291504,
        "CMMD_plus_score": 2.1080970764160156
    },
    "sd1.5_3": {
        "CMMD_score": 1.919865608215332,
        "CMMD_plus_score": 2.082228660583496
    },
    "sdxl_6": {
        "CMMD_score": 1.5702247619628906,
        "CMMD_plus_score": 3.0660629272460938
    },
    "sd3_8": {
        "CMMD_score": 2.232670783996582,
        "CMMD_plus_score": 2.9343366622924805
    },
    "flux_5": {
        "CMMD_score": 1.8267631530761719,
        "CMMD_plus_score": 2.37119197845459
    },
    "sdxl_3": {
        "CMMD_score": 1.427769660949707,
        "CMMD_plus_score": 2.064943313598633
    },
    "sd1.5_2": {
        "CMMD_score": 2.028942108154297,
        "CMMD_plus_score": 2.1674633026123047
    },
    "sdxl_4": {
        "CMMD_score": 1.694321632385254,
        "CMMD_plus_score": 2.4836063385009766
    },
    "sd3_5": {
        "CMMD_score": 1.8496513366699219,
        "CMMD_plus_score": 4.3517351150512695
    },
    "flux_9": {
        "CMMD_score": 1.389145851135254,
        "CMMD_plus_score": 1.9588470458984375
    },
    "sd3_1": {
        "CMMD_score": 1.6733407974243164,
        "CMMD_plus_score": 2.7140378952026367
    },
    "sd1.5_9": {
        "CMMD_score": 2.555251121520996,
        "CMMD_plus_score": 2.7538537979125977
    },
    "sd3_6": {
        "CMMD_score": 1.6443729400634766,
        "CMMD_plus_score": 2.3925304412841797
    },
    "flux_7": {
        "CMMD_score": 1.6041994094848633,
        "CMMD_plus_score": 1.9004344940185547
    },
    "sdxl_5": {
        "CMMD_score": 2.0972490310668945,
        "CMMD_plus_score": 2.38192081451416
    },
    "sd3_10": {
        "CMMD_score": 1.6859769821166992,
        "CMMD_plus_score": 3.209710121154785
    },
    "sd1.5_7": {
        "CMMD_score": 1.8254518508911133,
        "CMMD_plus_score": 2.305746078491211
    },
    "flux_1": {
        "CMMD_score": 1.806020736694336,
        "CMMD_plus_score": 2.0835399627685547
    },
    "sdxl_10": {
        "CMMD_score": 1.54876708984375,
        "CMMD_plus_score": 2.299189567565918
    },
    "sd3_4": {
        "CMMD_score": 1.6161203384399414,
        "CMMD_plus_score": 3.2597780227661133
    },
    "sd1.5_8": {
        "CMMD_score": 3.103494644165039,
        "CMMD_plus_score": 3.1480789184570312
    },
    "sd1.5_5": {
        "CMMD_score": 1.8099546432495117,
        "CMMD_plus_score": 1.7740726470947266
    },
    "flux_3": {
        "CMMD_score": 1.5041828155517578,
        "CMMD_plus_score": 1.7194747924804688
    },
    "flux_8": {
        "CMMD_score": 1.4111995697021484,
        "CMMD_plus_score": 2.2253990173339844
    },
    "flux_10": {
        "CMMD_score": 1.3538599014282227,
        "CMMD_plus_score": 1.827239990234375
    },
    "sdxl_8": {
        "CMMD_score": 1.2352466583251953,
        "CMMD_plus_score": 2.178668975830078
    },
    "sdxl_9": {
        "CMMD_score": 1.5473365783691406,
        "CMMD_plus_score": 2.538919448852539
    },
    "sd3_7": {
        "CMMD_score": 1.7508268356323242,
        "CMMD_plus_score": 4.005551338195801
    },
    "sd3_2": {
        "CMMD_score": 1.5355348587036133,
        "CMMD_plus_score": 2.73740291595459
    },
    "sdxl_7": {
        "CMMD_score": 1.5578269958496094,
        "CMMD_plus_score": 2.7147531509399414
    }
}