{
    "sdxl_2": {
        "CMMD_score": 1.4656782150268555,
        "CMMD_plus_score": 2.4367570877075195
    },
    "sd3_9": {
        "CMMD_score": 1.6541481018066406,
        "CMMD_plus_score": 2.9604434967041016
    },
    "sd1.5_10": {
        "CMMD_score": 3.037691116333008,
        "CMMD_plus_score": 3.351569175720215
    },
    "flux_2": {
        "CMMD_score": 1.5941858291625977,
        "CMMD_plus_score": 2.640843391418457
    },
    "sd1.5_4": {
        "CMMD_score": 2.012014389038086,
        "CMMD_plus_score": 2.4248361587524414
    },
    "sd1.5_1": {
        "CMMD_score": 3.93521785736084,
        "CMMD_plus_score": 4.430174827575684
    },
    "sd1.5_6": {
        "CMMD_score": 3.017425537109375,
        "CMMD_plus_score": 3.5685300827026367
    },
    "flux_6": {
        "CMMD_score": 1.5817880630493164,
        "CMMD_plus_score": 2.4793148040771484
    },
    "sd3_3": {
        "CMMD_score": 1.8429756164550781,
        "CMMD_plus_score": 3.03804874420166
    },
    "flux_4": {
        "CMMD_score": 2.189159393310547,
        "CMMD_plus_score": 2.148866653442383
    },
    "sdxl_1": {
        "CMMD_score": 1.793503761291504,
        "CMMD_plus_score": 2.4607181549072266
    },
    "sd1.5_3": {
        "CMMD_score": 1.919865608215332,
        "CMMD_plus_score": 2.261996269226074
    },
    "sdxl_6": {
        "CMMD_score": 1.5702247619628906,
        "CMMD_plus_score": 3.04412841796875
    },
    "sd3_8": {
        "CMMD_score": 2.232670783996582,
        "CMMD_plus_score": 2.6034116744995117
    },
    "flux_5": {
        "CMMD_score": 1.8267631530761719,
        "CMMD_plus_score": 2.4433135986328125
    },
    "sdxl_3": {
        "CMMD_score": 1.427769660949707,
        "CMMD_plus_score": 1.9369125366210938
    },
    "sd1.5_2": {
        "CMMD_score": 2.028942108154297,
        "CMMD_plus_score": 2.4895668029785156
    },
    "sdxl_4": {
        "CMMD_score": 1.694321632385254,
        "CMMD_plus_score": 2.7157068252563477
    },
    "sd3_5": {
        "CMMD_score": 1.8496513366699219,
        "CMMD_plus_score": 4.443168640136719
    },
    "flux_9": {
        "CMMD_score": 1.389145851135254,
        "CMMD_plus_score": 2.342104911804199
    },
    "sd3_1": {
        "CMMD_score": 1.6733407974243164,
        "CMMD_plus_score": 3.012418746948242
    },
    "sd1.5_9": {
        "CMMD_score": 2.555251121520996,
        "CMMD_plus_score": 2.93886661529541
    },
    "sd3_6": {
        "CMMD_score": 1.6443729400634766,
        "CMMD_plus_score": 2.479434013366699
    },
    "flux_7": {
        "CMMD_score": 1.6041994094848633,
        "CMMD_plus_score": 2.0494461059570312
    },
    "sdxl_5": {
        "CMMD_score": 2.0972490310668945,
        "CMMD_plus_score": 2.729058265686035
    },
    "sd3_10": {
        "CMMD_score": 1.6859769821166992,
        "CMMD_plus_score": 2.981901168823242
    },
    "sd1.5_7": {
        "CMMD_score": 1.8254518508911133,
        "CMMD_plus_score": 2.393007278442383
    },
    "flux_1": {
        "CMMD_score": 1.806020736694336,
        "CMMD_plus_score": 2.292513847351074
    },
    "sdxl_10": {
        "CMMD_score": 1.54876708984375,
        "CMMD_plus_score": 2.5309324264526367
    },
    "sd3_4": {
        "CMMD_score": 1.6161203384399414,
        "CMMD_plus_score": 3.0198097229003906
    },
    "sd1.5_8": {
        "CMMD_score": 3.103494644165039,
        "CMMD_plus_score": 3.0405521392822266
    },
    "sd1.5_5": {
        "CMMD_score": 1.8099546432495117,
        "CMMD_plus_score": 1.9581317901611328
    },
    "flux_3": {
        "CMMD_score": 1.5041828155517578,
        "CMMD_plus_score": 1.6254186630249023
    },
    "flux_8": {
        "CMMD_score": 1.4111995697021484,
        "CMMD_plus_score": 2.0706653594970703
    },
    "flux_10": {
        "CMMD_score": 1.3538599014282227,
        "CMMD_plus_score": 1.9402503967285156
    },
    "sdxl_8": {
        "CMMD_score": 1.2352466583251953,
        "CMMD_plus_score": 1.8411874771118164
    },
    "sdxl_9": {
        "CMMD_score": 1.5473365783691406,
        "CMMD_plus_score": 2.5997161865234375
    },
    "sd3_7": {
        "CMMD_score": 1.7508268356323242,
        "CMMD_plus_score": 4.41586971282959
    },
    "sd3_2": {
        "CMMD_score": 1.5355348587036133,
        "CMMD_plus_score": 2.286553382873535
    },
    "sdxl_7": {
        "CMMD_score": 1.5578269958496094,
        "CMMD_plus_score": 2.1851062774658203
    }
}